Date,metal,fmcg,oil,cnxbank,real,pharma,cnxauto,capgoods,it,power,cement,steel,telecom,autoancs,media
4/1/2016,-0.005817541,0.001738597,-0.0092774,-0.00231541,0.00815047,0.008615063,-0.006734694,0.009205112,0.002074689,-0.024724498,0.011394208,0.01630184,0.020593173,-0.00798031,-0.037376587
5/1/2016,0.009397996,-0.006176621,0.013726517,0.019468798,-0.014458955,-0.005435486,0.004725704,0.018564224,-0.012008282,0.002028104,0.003025087,0.037931904,0.027707717,-0.005676265,-0.005860806
6/1/2016,-0.01370224,-0.020699574,-0.043490734,-0.026432275,0.006783404,-0.023682498,0.00408998,-0.04435314,-0.007124895,0.014167992,-0.012037856,-0.039510133,-0.00394807,-0.009413633,-0.00073692
7/1/2016,-0.001870158,-0.006189028,0.006178394,0.010002598,-0.010028204,-0.006797281,0.030142566,0.005107853,0.003799071,-0.012401996,-0.010316061,0.027980166,-0.009105842,-0.027822304,-0.056784661
8/1/2016,-0.01079586,0.009235803,-0.000894241,-0.010418006,0.012662235,0.001476114,-0.021747726,-0.008774496,0.001682086,0.000433025,-0.003483394,-0.033863267,0.002846949,-0.013111922,0.007036748
11/1/2016,-0.005141156,0.005229305,0.016707441,0.012997141,0.005783057,-0.00643173,0.020008084,0.017261729,0.01427372,-0.0041841,-0.000827196,0.006571909,0.035467874,0.009706034,-0.008540373
12/1/2016,0.030734361,0.01227696,0.014202711,0.014498332,-0.008547009,0.032636548,0.0063404,-0.012835388,0.004966887,0.002173283,0.034076646,0.026065391,0.000659379,-0.004412402,-0.040720439
13/01/2016,0.004222007,0.062336194,-0.001099473,0.027064626,-0.000783699,0.009925558,0.016932467,-0.007456108,0.048187809,0.04192569,0.009142326,-0.008286884,0.01300548,-0.02489019,-0.017959184
14/01/2016,0.027765613,0.001838235,0.011933727,-0.006280015,0.006117647,-0.002457003,-0.022652469,0.02235133,0.0043222,-0.019425559,-0.002354447,0.006018403,0.009141018,-0.006371236,-0.044056525
15/01/2016,0.006732572,0.001448576,0.02278452,0.011152416,0.030090427,0.02955665,0.022385103,0.001737431,0.000782473,0,0.001846959,0.052951646,0.00206948,-0.041453951,-0.080869565
18/01/2016,0.02234826,0.015043394,-0.009571253,-0.016666667,-0.008778568,-0.024427096,-0.013757024,-0.01936766,0.004300235,0.023913966,0.016438356,0.006151101,-0.031384365,-0.010694504,-0.006622517
19/01/2016,-0.073859402,-0.029070872,-0.001582368,-0.003738784,0.005649718,-0.037170883,0.018664047,0.010317256,-0.000778513,0.021282477,-0.01718014,-0.030334142,0.022474659,0.008484431,0.014285714
20/01/2016,0.000625838,0.002446184,-0.005716873,0.004628471,0.017916793,-0.000402145,-0.001350048,-0.003063569,-0.002337359,-0.023410014,0.004562348,9.63E-05,-0.002974054,-0.009566109,-0.051643193
21/01/2016,-0.010275197,-0.016788677,0.002220198,0.00049807,-0.013573986,-0.013946627,-0.013325608,-0.000841412,0.028114018,-0.010807815,-0.00637869,-0.002550529,-0.021497634,-0.00051742,0.015841584
22/01/2016,0.00379164,0.031768093,0.035387674,0.028749222,-0.005292606,-0.009247926,-0.011939714,-0.00399092,0.006836308,0.000140076,0.030737231,0.014232643,0.005045727,0.032096635,0.048732944
25/01/2016,0.009713104,-0.009188877,0.005924951,-0.010766997,-0.003496504,0.033768017,-0.007329636,0.008271147,0.002263297,0.024509804,0.018609866,0.00180763,0.009273786,0.017597392,-0.01394052
26/01/2016,-0.014696713,-0.030929837,0.031359075,-0.009416657,-0.001983219,-0.015004648,0.002394732,-0.028511011,0.002258186,-0.005604921,-0.065179642,-0.002611586,-0.019655256,0.001314438,0.036757776
27/01/2016,-0.000448793,-0.00323931,0.002071273,0.021091355,0.003193916,0.008164904,0.029545905,-0.008026881,0.010800745,-0.010801828,0.00315367,0.002696055,0.00622726,0.017352422,-0.027272727
28/01/2016,-0.011943247,0.01479926,-0.000741997,0.004083103,-0.009399636,0.002788104,0.030431433,0.035980429,-0.02247605,-0.004899902,-0.005274234,0.01528374,0.000382449,0.023008779,-0.000926784
29/01/2016,-0.008634009,-0.015913682,-0.012888512,0.006817366,-0.01392715,0.018668079,-0.042056075,-0.007193199,-0.019977384,-0.025042206,-0.011074544,-0.007155136,0.00187676,0.0231574,-0.031539889
1/2/2016,-0.005867253,-0.024882347,-0.011606039,-0.034449988,0.006518703,-0.021835196,-0.01697561,-0.022540984,-0.026923077,-0.027849928,-0.019174898,-0.106088259,-0.020987269,-0.003063726,-0.015325671
2/2/2016,0.006731833,0.002823844,-0.002120141,-0.00738189,-0.004009252,-0.012490035,-0.014688368,-0.002021563,-0.007905138,-0.013210628,-0.005816458,0.034656057,-0.005066969,-0.007298709,-0.026264591
3/2/2016,-0.01786205,-0.035275445,-0.002397036,0.003470501,-0.011766527,0.002018299,-0.006446414,-0.003488634,0.010358566,0.001504212,0.000379198,-0.000303582,-0.005662595,-0.002012228,-0.001998002
4/2/2016,0.010912143,0.014488139,0.037461774,0.04298419,0.009399969,0.017859541,0.00892133,0.016337286,0.033911672,0.011114449,0.013456436,-0.01847353,0.000931232,0.01799147,0.046046046
5/2/2016,-0.000738076,0.007689893,0.003684598,-0.00568451,0.041285116,0.003034301,0.01085209,0.025815771,0.010297483,0.00415924,0.005076007,0.000670345,0.000608316,-0.012150529,0.012440191
8/2/2016,-0.004339396,-0.015054768,0.004772394,0.070747975,-0.001937696,-0.021175852,0.018290258,0.011734547,-0.015100038,0.003550296,-0.005794636,-0.009172421,-0.004541716,0.004434162,-0.033081285
9/2/2016,0.010942137,0.003109682,-0.000991701,0.001446051,0.001792115,0.004703037,-0.004099961,0.027764891,0.021847451,0.010023585,0.024570222,0.01076555,0.009951142,-0.001458733,-0.098729228
10/2/2016,-0.006604293,-0.015920555,-0.006478579,0.001999334,-0.022063208,0.003878561,-0.00235248,-0.030452446,-0.012378095,0.001897256,-0.00279213,-0.004167739,-0.005940312,-0.007957866,-0.069414317
11/2/2016,0.003139428,0.002990016,0.030763568,-0.004323246,-0.015243902,0.026512124,-0.00786009,-0.000393955,0.009874668,0.006991988,-0.001988748,-0.041180118,0.004723395,0.00337144,-0.034965035
12/2/2016,-0.002025037,0.01235028,-0.006836386,-0.004676019,-0.004643963,0.003893576,-0.009704892,-0.012360718,-0.007897706,0.00115724,0.01303128,-0.008568195,-0.011147518,-0.011432103,0.066425121
15/02/2016,-0.002305848,0.006099805,0.001078749,-0.02147651,-0.000933126,-0.008532644,0.0068,0.004498295,0.00227445,0.001589366,-0.002381199,0.011088162,0.000144066,-0.044655415,-0.040770102
16/02/2016,0.004714801,-0.030575446,-0.008158867,0.003657979,0.011830635,0.003390273,-0.011124354,-0.01498736,-0.006429652,-0.014281593,-0.026177875,-0.0133319,-0.007418344,0.013699751,0.017709563
17/02/2016,0.003312477,0.000970455,0.011226654,-0.007517084,-0.01,-0.016374269,-0.019686621,0.004839597,-0.011800533,0.001463486,-0.013374184,-0.004358723,-0.036788448,0.029933839,-0.003480278
18/02/2016,-0.007245048,-0.022298826,0.000153484,0.000918063,0.01010101,0.013476021,0.011885246,-0.004196008,-0.011941448,0.005406985,-0.006345692,-0.01477509,0.002636634,0.011790051,0.031431898
19/02/2016,-0.004618938,-0.036635082,0.000153461,0.00836964,-0.020153846,0.001303611,-0.003240178,0.022753921,-0.000389864,0.035174419,-0.030137508,-0.001277494,0.019347083,0.004490728,0.004514673
22/02/2016,0.01549884,0.008520615,0.019997954,0.008072769,0.006437431,0.030985549,0.017878911,0.045820944,-0.008190328,0.01137321,0.016952002,0.014793393,0.025429351,-0.001079123,-0.024719101
23/02/2016,-0.003929812,0.021036516,0.02396831,0.00259418,-0.001092044,-0.014648314,0.012974052,0.017059468,0.007078254,0.02665556,0.000192869,0.002301748,-0.006325474,0.032524403,0.002304148
24/02/2016,0.001000546,0.02938744,0.00812888,0.018433695,0.02276599,-0.006502614,0.009968726,0.028378786,0.008123791,0.001493348,0.01663712,0.019691642,-0.000898053,-0.028361109,0.010344828
25/02/2016,0.00863244,0.006106053,0.004544788,-0.018209741,0.018170806,-0.001796715,-0.011225082,0.001206902,0.054489639,-0.016131219,-0.000778001,0.001114118,-0.008952648,-0.009633169,0.005681818
26/02/2016,-0.009099099,-0.016663118,0.006664721,-0.000782123,0.006692445,-0.028670609,-0.016637307,-0.027204014,0.006550218,0.00413337,-0.024432154,0.00572337,-0.018756349,0.008287293,-0.015819209
29/02/2016,0.012637513,0.011639868,-0.010583289,0.012076484,-0.007829812,0.023692919,0.006170382,0.001708028,-0.010122921,-0.012623491,-0.010457948,-0.004847718,0.013088328,0.020837353,0.028702641
1/3/2016,-0.021817202,0.007171144,0.027840188,0.013368689,-0.02665277,-0.006335661,-0.006923838,0.037144768,0.006939372,-0.020844914,0.019607298,-0.014878746,-0.017043174,0.026913627,0.089285714
2/3/2016,-0.000275356,-0.012964931,0.000475195,-0.00087222,-0.016062414,0.004163956,0.017330677,0.015989169,0.019223794,-0.000993472,-0.01748452,-0.01709218,0.028254251,0.005558214,-0.007172131
3/3/2016,-0.010650018,-0.000215332,0.012871663,-0.002182453,0.01181592,-0.019178437,0.008224006,-0.029031951,-0.00747331,0.003977838,-0.00896724,-0.029201072,-0.005849431,0.016692291,0.054695562
4/3/2016,0.007331106,0.008938187,-0.002719812,0.015857393,-0.011985249,-0.005813185,-0.000971062,0.015031697,0.005736823,0.005235602,0.016191837,0.044330536,0.002142883,0.014834017,-0.000978474
7/3/2016,0.005988024,0.028711709,-0.008463817,-0.01302616,-0.001399689,0.001993356,0.003499222,-0.010849269,0.003208556,0.009290541,0.00432805,0.005501618,0.018266164,0.007095721,0.020568071
8/3/2016,0.000824176,-0.018987342,-0.009199981,0.009925829,-0.002180346,-0.000265252,-0.023246804,-0.007095199,0.016346837,0.008786611,-0.004830918,0.003433108,-0.020323178,0.010392447,-0.009596929
9/3/2016,0.001463995,-0.003913273,0.016464845,-0.006588185,-0.003121586,-0.00331653,0.007338358,-0.007113122,0.001048951,0.009124845,-0.005626655,-0.014861542,-0.013805631,-0.004183955,-0.009689923
10/3/2016,-0.007674737,-0.024155872,0.003531572,0.010328332,0.005949585,0.009184081,-0.003544005,-0.014229119,-0.02200489,-0.002466091,0.00061023,-0.003635772,-0.010941242,-0.009313399,0.019569472
11/3/2016,0.002762177,0.0054404,0.000563063,-0.014527063,-0.002023346,0.003561066,0.000790358,0.000569343,0.006071429,0.013734377,0.000138604,-0.016774686,0.002309297,-0.010107793,-0.003838772
14/03/2016,0.006610963,0.00432877,0.007878447,0.005132125,0.000311915,-0.035352872,-0.0011846,-0.004987281,0.007809727,0.00270966,0.003464619,0.011577023,0.001895206,-0.013424257,0.003853565
15/03/2016,0.004652011,-0.021281181,-0.009864136,-0.01347094,-0.006704085,-0.046730245,0.010476379,0.006795169,-0.017964072,0.004729091,-0.01033035,-0.004325923,-0.002151256,-0.012159375,0
16/03/2016,0.003268567,-0.025762413,0.004605263,-0.005616122,-0.013655627,-0.029869944,0.001956182,0.024858833,-0.0017934,0.01640667,-0.008289143,0.006214596,0.004386128,-0.013811042,0.020153551
17/03/2016,0.010497738,0.016838061,0.008092432,0.001550388,0.008274984,0.008839128,-0.005076142,0.012225736,0.002515271,-0.006218576,0.013902569,0.027601662,-0.002997669,0.007578009,0.016933208
18/03/2016,0.006716819,0.002500556,-0.004964967,-0.007629368,-0.000157828,0.017669393,0.007064364,0.01391394,-0.003225807,-0.003062176,-0.005717934,0.023349822,-0.00935412,0.02521752,-0.01480111
21/03/2016,0.002935682,-0.015243058,0.005269539,0.001559889,0.005524862,-0.024967714,0.013445051,0.000412961,-0.017259978,-0.003071581,-0.003740822,-0.011798337,-0.00041217,0.012586306,-0.005633803
22/03/2016,0.00266099,-0.00416526,0.032657605,0.000111247,-0.010204082,-0.048712288,-0.000384541,-0.012891754,0.02341749,0.002009377,-0.000812621,-0.005785515,0.010795817,-0.006001847,-0.033994334
23/03/2016,-0.017869781,0.007517522,-0.026773281,-0.002335929,-0.00666138,0.00417698,-0.011733026,-0.02412584,-0.030389703,-0.004679144,-0.037242695,-0.020314236,-0.015724087,-0.042838258,0.027370479
24/03/2016,-0.011349306,0.011781206,-0.004384953,-0.016612777,0.023790516,0.012016638,0.001751654,0.005999275,0.015117994,-0.000402955,-0.010836004,0.014579621,0.003466335,0.024636058,0.020932445
25/03/2016,-0.009019679,0.012143055,-0.006305053,-0.006689342,0.002963194,0.030598265,0.000194288,0.005078803,-0.004358881,0.004703037,-0.001825785,-0.00202246,0.011001389,0.026703097,0.022367195
28/03/2016,0.018019675,0.003725211,0.002146123,0.016664764,0.004664904,0.016395864,0.006604507,0.015257221,0.006931777,-0.003209844,0.002389663,-0.000213322,0.004196687,-0.000571367,0.05353902
29/03/2016,0.00776664,0.019430193,0.030819367,0.025036488,0.015941805,0.002906554,0.017367812,0.032207309,0.001086957,0.034482759,-0.001088972,0.031578386,0.015459152,-0.017115089,-0.019810508
30/03/2016,-0.000803571,0.002763899,0.017034928,-0.007659481,0.000454064,0.010112684,0.015477539,0.007983661,0.019016864,0.02631579,0.030578878,0.011947493,0.011713243,0.033226698,-0.050087874
31/03/2016,0.004735949,0.016855719,-0.005775724,0.016098798,0.014069592,0.011870709,-0.011895911,0.008166022,0.013380282,0.015359228,0.004687991,0.021383329,0.001786671,-0.012068116,-0.003700278
1/4/2016,0.005336179,0.002971226,0.006345518,-0.000108519,0.005519917,0.01074205,0.024642588,0.01409866,0.005559416,0.004250531,-0.017668649,-0.017661358,0.000749064,0.001709463,-0.013927577
4/4/2016,-0.009200283,-0.017410738,-0.00830373,-0.026915563,0.02462908,-0.020836247,-0.006058381,-0.013602378,-0.00138217,-0.024648326,-0.009529051,-0.012676128,0.00285144,0.046894443,0.016949153
5/4/2016,0.003214286,0.01264149,0.005776206,0.00724961,0.046915726,-0.010854042,-0.020502401,0.004322679,-0.008650519,-0.043139758,0.011609206,0.000511509,0.015496162,0.005977043,0.049074074
6/4/2016,0.01495194,0.022146775,0.017451696,0.006865242,0.029598894,0.019924921,0.018668678,0.006183317,0.035951134,0.009070295,-0.002717234,0.015184049,0.015399692,0.001654176,-0.016769638
7/4/2016,0.003156787,-0.013644029,0.007657303,0.000219949,0.000537346,-0.003397509,0.01480933,-0.020695265,0.001347709,0.001321877,-0.014115942,-0.002165483,-0.008375845,-0.000168515,0.02064632
8/4/2016,0.00506993,-0.010568853,-0.004255504,0.000879604,-0.030746509,0.002272727,0.016052536,-0.009812667,-0.01615074,-0.017953795,-0.016082086,-0.002674876,-0.010705968,0.01786557,-0.012313105
11/4/2016,-0.005218299,-0.00382239,0.020714317,0.020542678,0.011358914,0.000708617,0.000897666,-0.013482448,0.022229822,0.029305014,-0.002300843,-0.035878751,0.014194863,-0.008014307,0.046304541
12/4/2016,-0.029812904,-0.011721419,0.005810476,0.011410118,0.004930831,0.00141623,0.000179372,0.010580678,-0.016393443,0.000391798,-0.022552338,-0.03926097,-0.020405335,-0.012485812,0.01787234
13/04/2016,-0.00567721,-0.015955749,-0.002293773,-0.020008514,-0.015673981,0.011596662,0.003407461,-0.010594541,-0.011904762,-0.001436031,0.015657556,-0.050808566,-0.010220682,0.01653144,0.007525084
14/04/2016,-0.005347109,-0.001567398,-0.014816076,0.008362294,-0.007477153,0.002236824,-0.003753351,-0.000220459,-0.007228916,0.015557589,0.006516427,0.00823069,-0.00325151,-0.009079118,-0.026556017
15/04/2016,-0.017767654,0.127699886,0.008297321,-0.004846527,0.041852679,-0.006556005,-0.001614639,0.021011183,0.026352289,-0.001673532,0.002427839,0.035736713,0.029143963,0.037756746,0.028132992
18/04/2016,0.005380334,-0.050019201,-0.009986285,-0.016017316,-0.000937333,-0.00758214,-0.00359389,-0.002715044,-0.027027027,-0.001676338,-0.003946896,-0.027007661,0.017102651,-0.007988099,-0.009950249
19/04/2016,-0.005720613,-0.016574027,0.004415776,0.02474703,0.000268061,0.025749859,0.00270514,0.021191684,0.001041667,0.025316456,0.001380884,0.008553787,0.000547945,0.003520897,-0.014237856
20/04/2016,0.009558278,0.006422773,0.021205983,0.021251476,0.000133994,0.009241379,0.021223022,-0.00266594,-0.005896635,0.083396322,-0.032106241,-0.005167378,0.001848302,-0.018195406,-0.010970464
21/04/2016,0.006250575,-0.016745801,0.012282109,-0.001261167,0.004019293,-0.005193385,0.011271575,-0.035266243,-0.022679693,-0.020465116,0.02933069,-0.019534779,-0.001366587,-0.003210114,-0.026450512
22/04/2016,0.004019366,0.027467677,0.002459973,0.024623803,-0.045636509,0.045198516,-0.029258098,0.018828715,-0.002499108,0.029677113,0.00448336,-0.003858114,-0.045227506,-0.008698539,-0.011393515
25/04/2016,0.0077336,0.001162321,0.017759847,-0.004108042,0.011744966,0.051524711,0.016505203,0.010754682,0.015032212,-0.024902006,-0.017673666,0.016937395,0.02981224,-0.006028535,-0.056737589
26/04/2016,-0.010805943,0.01747884,-0.00187388,0.024270353,0.009877898,-0.008782936,0.005448155,-0.026681676,0.003153469,0.018089383,0.006025008,0.030702752,0.002700738,0.028708134,0.008458647
27/04/2016,0.021028676,-0.012354794,0.002244715,0.013097381,-0.038310012,-0.001392405,0.004195071,-0.002094274,-0.002794272,-0.017071188,-0.002467798,-0.026478376,0.012983874,0.013101867,0.012115564
28/04/2016,-0.013552069,-0.013954647,0.005456693,-0.007598934,-0.014832604,-0.017746229,0.044212359,0.007079092,-0.007705779,0.011460303,-0.009744766,-0.001926564,0.012647009,0.000711284,0.021178637
29/04/2016,-0.003253796,0.017437453,0.001944028,-0.01372315,-0.003011184,0.018453994,-0.005834306,-0.020465926,-0.008824568,-0.060273333,-0.004326235,-0.001476099,-0.008887094,0.00423236,-0.00270514
2/5/2016,-0.001360174,0.010531545,-0.001253082,-0.01159508,0.067740544,-0.00633553,-0.008551308,0.010097482,0.004273504,0.024238658,0.003274074,-0.004150557,-0.003498404,-0.000128688,-0.032549729
3/5/2016,-0.002724053,0.00393275,0.018212725,0.017137611,0.018588362,-0.008798776,0.004735329,0.0049354,-0.002836879,0.02973301,0.007746737,0.014901513,0.041651045,-0.009974581,0.000934579
4/5/2016,0.00446144,-0.101997846,0.005882821,0.008123558,-0.008331129,-0.021098675,0.014307356,-0.013263263,0.025604552,0.004949912,0.058349979,-0.009113411,-0.001210693,0.000552504,-0.025210084
5/5/2016,0.002719362,-0.003653416,-0.000355647,0.021886192,0.014535271,0.016953608,-0.020245602,-0.024759067,-0.01629681,0.000703647,-0.021818702,-0.002043829,-0.01569257,0.038329111,-0.037356322
6/5/2016,-0.016181522,-0.039240368,0.001264972,0.004186137,-0.02011041,-0.01809253,-0.018631436,-0.019016351,-0.015156856,-0.015820931,-0.020960622,-0.022698828,-0.01630887,-0.006225364,0.023880597
9/5/2016,0.001837729,-0.007006551,-0.006830116,-0.022976248,0.001341382,-0.02829692,0.023472558,0.005301876,-0.035075161,0.026792093,-0.005524037,0.013388439,0.004770766,-0.004249693,0.03595724
10/5/2016,-0.000183436,-0.066659018,0.028263635,0.006449692,-0.008305425,-0.004198835,0.003541315,0.024655548,-0.003709199,-0.010553172,-0.004804084,0.013900856,-0.000303071,-0.001296156,-0.044090056
11/5/2016,-0.012017246,-0.037922557,0.003208722,-0.001676033,-0.016749966,-0.044613711,-0.002856663,-0.012642347,-0.002233805,-0.009728083,-0.013546538,0.009121296,0.004749554,-0.005761135,-0.014720314
12/5/2016,-0.017084494,0.00555804,0.007398844,-0.013727039,0.02912488,-0.005267654,0.013144591,-0.002541296,-0.010074627,0.017398509,0.006912161,0.00291938,0.010459971,-0.050781623,-0.000996016
13/05/2016,-0.005667863,0.007179161,0.008989366,0.00610794,-0.015485249,-0.002003721,0.000332668,0.001763841,0,-0.000349,-0.004070227,0.005038065,0.041174519,-0.013651305,-0.013958126
16/05/2016,-0.008550257,0.004857125,0.011601016,0.004876592,0.010711864,-0.015058081,0.000498836,0.007434217,-0.001884659,0.020714535,-0.010156155,0.016430879,-0.0085402,0.007753256,0.028311426
17/05/2016,-0.010061326,-0.011801632,0.007682794,0.010993364,-0.008854306,-0.009318579,-0.02127306,-0.006926239,-0.026057402,-0.00490252,-0.000893545,0.025042468,-0.007681677,0.013328834,0.000983284
18/05/2016,0.007937276,0.008766358,-0.000743826,0.01028605,0.009610179,0.017930629,-0.016301579,-0.019587394,-0.016673129,0.000343721,0.001942885,-0.150807228,0.02600894,0.022308278,0.043264503
19/05/2016,-0.001344473,0.014987406,-0.0037219,0.012605449,0.010457166,0.00043315,0.007767996,0.021175454,0.028391167,-0.000572672,0.004678507,0.072458294,0.073523377,0.004726908,-0.003770028
20/05/2016,-0.030676027,0.03002854,0.003847878,-0.021737049,0.01857503,-0.020493578,-0.022096608,-0.004134249,-0.012269939,-0.031400413,-0.013418707,0.006398216,-0.051814386,-0.013243966,0.014191107
23/05/2016,-0.02804566,-0.016540276,-0.009293335,-0.009612584,-0.008914729,0.018854136,-0.002787456,-0.009489146,-0.011923077,0.017099057,-0.001570584,-0.002717706,-0.000122967,0.009013128,-0.03358209
24/05/2016,-0.023893895,0.00273224,0.00716671,0.044019608,-0.0023465,-0.025247454,0.000524109,0.016305774,-0.007006617,0.009855073,-0.029055242,-0.027656984,-0.000891622,0.016247006,0.002895753
25/05/2016,0.020641012,0.012776264,0.014752999,0.001408583,0.016464132,0.022075055,0.009952855,0.016754366,0.003528028,0.005970149,0.016677785,-0.023375075,-0.000061546,-0.009299363,-0.030798845
26/05/2016,0.002642276,-0.016680617,0.001945811,0.015847712,-0.015426147,0.016414687,0.010027663,-0.028702057,0.01484375,0.006277106,-0.005561805,0.005739407,0.011294393,0.003311045,0.022840119
27/05/2016,-0.013075208,-0.012464279,-0.002088601,-0.008769501,-0.016712365,-0.022099448,0.012495721,0.023339435,-0.020015397,0.048996257,-0.010274618,-0.021308888,-0.020967104,0.018551152,0.02038835
30/05/2016,-0.001129711,0.012867873,0.01846956,-0.00232818,0.027220821,0.002172968,-0.009974641,0.005749697,-0.002749411,0.012758136,0.001841328,0.003039514,0.006993659,-0.009248191,0.022835395
31/05/2016,-0.003495785,0.003343262,0.036665825,0.006907496,-0.004912099,0.00636022,0.024077869,0.033284634,-0.010240252,0.014092025,-0.023576386,0.004143476,0.011606013,-0.009271019,0.013953488
1/6/2016,-0.001341312,0.01126863,-0.022188217,-0.003430055,-0.002857885,0.009623671,-0.00150075,0.028278109,-0.018702746,0.003263501,0.006782851,0.013672476,-0.008635157,0.006249199,-0.017431193
2/6/2016,-0.018803595,0.056074766,-0.050825153,0.004,0.029312142,0.018637075,0.006513026,0.005380523,0.03568532,0.018048269,-0.004867513,-0.008384471,0.042197599,-0.000414026,-0.025210084
3/6/2016,0.013899126,-0.02359882,-0.038707985,-0.007412212,-0.010504999,-0.012709497,-0.020408163,-0.014182078,-0.012529366,-0.000927644,-0.00294775,-0.006310888,-0.014087003,-0.002931243,0.031609195
6/6/2016,-0.000623118,-0.045201023,-0.056638341,-0.032857276,-0.019698133,-0.024614514,-0.021680217,-0.024580028,-0.06740682,-0.011864232,-0.017868746,-0.034467875,-0.006290439,-0.018214354,0.009285051
7/6/2016,-0.004468461,0.017585494,0.038469485,0.004246694,0.025052192,-0.000725163,0.010387812,0.026096098,-0.010204082,0.08081019,0.008104532,-0.000255444,-0.012841382,-0.018747559,0.072677093
8/6/2016,0.000417537,0.006996352,-0.023515836,0.024987987,-0.015020367,0.003483309,-0.000342701,0.008437293,0.014175258,-0.042407264,0.01630845,-0.023954008,-0.000824478,-0.001890673,0.002572899
9/6/2016,0.004173623,0.080997625,-0.043641253,-0.021472105,0.004781597,0.018368528,0.015598217,0.011115759,0.002541296,-0.010491274,0.002841276,0.01263089,-0.02227927,0.013558871,0.027373824
10/6/2016,-0.001454697,-0.020215337,0.007669365,0.01111537,0.001157556,-0.006817214,-0.005738397,-0.015337786,0.017321504,-0.003364257,0.002640052,-0.038647967,0.008377094,-0.034689662,-0.001665279
13/06/2016,0.002497399,0.026911864,0.023128964,0.000568613,0.011690648,0.022308022,-0.006620268,-0.014826375,0.012873754,-0.008285597,-0.00327532,0.006722689,0,-0.012941137,-0.004170142
14/06/2016,0.004982354,-0.025223848,0.009381328,-0.001136579,-0.006984127,0.045740663,-0.011449077,-0.016816451,-0.004100041,0.027539969,0.001385309,0.055759599,0.003750775,-0.001927048,0.060301508
15/06/2016,-0.004234662,0.007617341,0.020922044,0.000568936,0.006265985,0.006420546,-0.008988764,-0.010628079,0.010292301,0.014454929,-0.000193032,0.028842505,0.020598499,0.01813543,0.022116904
16/06/2016,-0.003837776,-0.01778766,-0.011429717,-0.003127369,0.006226967,-0.012493355,-0.005058434,-0.006921391,-0.010187449,-0.001979022,-0.012646008,-0.029509406,-0.006868797,0.003995936,0.022411128
17/06/2016,-0.002498959,0.029145444,0.002312373,0.008936211,-0.00391513,-0.014401077,-0.020687237,0.012614715,0.000411692,-0.011798533,-0.011080694,-0.020017737,0.006763962,0.024622234,0.033257748
20/06/2016,0.010229645,-0.007533682,0.008904359,0.003674739,0.011411183,-0.02007374,0.004833512,0.004733875,0.009465021,-0.003009933,-0.012325336,-0.007756949,0.005084284,-0.004213576,-0.000731529
21/06/2016,-0.001033271,0.001717642,0.018453885,0.031543372,0.001378965,0.013238573,0.013361839,-0.004990546,0.003668977,0.010063399,-0.000233567,-0.008794788,-0.00653398,-0.006842975,0.01317716
22/06/2016,-0.023169218,-0.044305548,-0.030369874,0.00054605,-0.031797697,0.021455096,-0.047819972,-0.01741433,-0.080016247,-0.064760387,-0.077295331,-0.05612882,-0.016305995,0.014636403,0.011695906
23/06/2016,0.008506616,0.01819962,0.017383238,-0.004709718,0.003342762,-0.016762773,0.011704462,0.004830003,0.021462987,0.034343863,0.005349706,0.008772536,0.002057297,0.023380007,0.091040462
24/06/2016,0.002915756,0.018779343,0.013320119,0.05987806,0.007688365,-0.004091653,0.02494577,0.036160855,0.032161235,0.015474483,0.007642584,0.005341003,0.023074095,0.014000255,0.011258278
27/06/2016,0.005399232,0.028760202,0.007941786,-0.025843565,-0.004704985,0.016981649,-0.000881834,0.000727692,-0.00083091,0.006559693,0.007513734,-0.019002861,-0.009914038,0.003828292,-0.007203667
28/06/2016,-0.006919343,-0.009444654,-0.005123428,0.004406839,-0.000255526,0.016698088,0.014827891,-0.01087714,0.020790021,-0.007519551,-0.013332395,0.029785461,0.012282188,0.025976868,0.02176781
29/06/2016,-0.004159734,-0.016181759,3.90E-05,-0.01956827,-0.008434505,0.011390729,0.000173943,0.006524536,-0.019551935,-0.014142843,-0.021142327,-0.027642934,-0.015480246,0.007038177,0.066494513
30/06/2016,-0.001775272,-0.006977903,-0.000663208,0.02729795,0.006444129,-0.026715558,-0.023130435,-0.003469369,-0.007478189,-0.00204939,-0.015370606,-0.017265289,-0.00528169,-0.021874622,-0.015738499
1/7/2016,0.00303379,-0.004851932,0.002654591,-0.004791776,-0.001792803,0.01924112,-0.00356062,-0.007451519,0.010883215,0.073518842,0.000258943,0.003386721,-0.002502289,0.001794055,-0.025215252
4/7/2016,-0.002294535,-0.016700291,-0.019000156,-0.039394205,0.01411161,-0.011089109,-0.005360014,-0.032122089,-0.010351967,-0.045432807,-0.019119823,-0.020954926,-0.000214146,-0.004754994,0.027129338
5/7/2016,-0.005017771,0.002108743,0.004365772,-0.032625535,-0.004427578,-0.024429315,-0.004311119,0.004355152,0.006276151,-0.000801603,-0.000339328,0.051138404,0.004253236,-0.005181026,-0.025798526
6/7/2016,-0.007249422,-0.019564352,-0.00794278,-0.048327838,-0.008259212,-0.01573618,-0.002525708,-0.007089954,0.012889813,-0.017348576,-0.014105755,0.027946703,-0.00393053,-0.01378407,-0.040983607
7/7/2016,0.021589586,0.016416265,0.031109341,0.020392002,0.011659193,-0.007090227,0.030204377,0.01667198,0.00862069,0.021226656,0.028538638,0.009571922,0.008259154,0.020775361,0.008547009
8/7/2016,0.026934632,0.009416733,0.001352082,-0.009604191,-0.006458967,0.00658079,0.012113764,-0.007681937,0.004884005,0.007594684,0.009819237,0.024822228,-0.015108765,0.014280846,0.001955671
11/7/2016,0.002521941,-0.003957709,0.011573628,0.019296699,-0.007520714,0.021560718,-0.011968777,0.003949697,-0.003645201,0.010215214,-0.000441989,0.004240283,-0.008409574,-0.009712296,-0.03057905
12/7/2016,0.00754679,-0.003065221,0.004995996,0.004997117,0.008605189,-0.010757081,0.003511236,0.021842445,0.003252033,0.001963479,-0.007775076,-0.006333568,-0.014880398,-0.007494449,-0.004697987
13/07/2016,-0.033656247,0.01076126,-0.005198846,-0.018072289,-0.005730294,0.021885754,-0.005773268,-0.013767826,0.017423015,-0.002547521,-0.008690162,-0.000128766,0.016335026,0.028619372,0.066756575
14/07/2016,-0.005374122,-0.007210455,-0.000114438,0.003505697,0.048027664,0.023976293,0.006334682,0.014896939,-0.003584229,0.000294696,-0.012999663,0.058531874,-0.003692327,0.026826174,-0.004424779
15/07/2016,-0.019638404,-0.019859283,-0.015183885,0.00339641,-0.051936942,-0.025651144,-0.016611296,-0.024463797,-0.021982414,0.004222724,-0.033629394,-0.028590547,-0.021893491,0.00914975,-0.005079365
18/07/2016,-0.021303657,-0.012156999,-0.028744092,-0.024468085,0.018561485,-0.044822465,-0.009423898,-0.003185919,-0.007355946,-0.005182867,-0.026708563,-0.008892229,-0.092081383,0.005072738,0
19/07/2016,-0.001507484,0.016995518,0.011888722,0.027271832,0.067915985,-0.024421053,0.012306046,0.017746257,0.001227496,0.010102992,0.045235997,0.040057764,-0.00894878,0.028441082,-0.016455696
20/07/2016,0.003343039,5.72E-05,-0.006148665,-0.004696186,-0.010128371,0.000431593,-0.019027484,-0.006442022,0.0044953,-0.004272674,-0.001916664,0.006399034,-0.000948633,0.006120501,-0.021879022
21/07/2016,-0.007416165,0.006352295,-0.009496788,-0.014636495,0.013444378,0.0270348,-0.006106322,-0.018547382,-0.002441009,-0.0234055,0.013480816,-0.016855618,-0.023421839,0.019282286,0.005263158
22/07/2016,-0.00498105,-0.038043787,-0.032264481,-0.015733412,-0.043672224,0.031503781,-0.027105168,-0.002572654,-0.043230016,-0.0303575,-0.032628468,-0.022818792,-0.027764774,-0.001916391,-0.007198953
25/07/2016,-0.021656328,-0.017439111,-0.001315519,0.000595711,-0.021237417,0.039364735,-0.013930163,-0.020092982,-0.014919011,0.001029866,-0.012300701,-0.050761738,-0.019927402,-0.004909894,0.034937376
26/07/2016,0.009121246,-0.046206606,-0.011320133,0.005556658,-0.018688072,-0.046885203,-0.016198908,-0.003282098,-0.030289918,-0.021502058,-0.00916194,-0.00506479,-0.019879063,0.013782458,0.012101911
27/07/2016,-0.003637566,0.021194727,0.007536015,0.00217091,-0.01444274,-0.022197862,-0.011487651,-0.007857329,0.023650156,0.017348334,-0.010887839,0.036493455,0.028071258,0.024416771,-0.021397105
28/07/2016,0.004093373,-0.009636173,0.014339436,-0.001772351,-0.024121385,0.015134529,0.006391633,0.008773948,-0.006102877,-0.004443985,0.007729664,0.007016201,-0.009789213,-0.006847861,0.009646302
29/07/2016,-0.012340238,-0.019397493,-0.005825797,0.000591833,0.023255814,0.006902264,0.008083141,-0.033389797,-0.052192983,-0.102045054,-0.040319666,-0.007093995,0.025718723,-0.015741087,-0.038853503
1/8/2016,-0.003681392,0.032247806,0.059869688,0.002070189,0.042597403,0.063751028,0.013554792,0.014390186,0.053216104,0.023583815,0.015022806,0.020413371,0.001514033,0.029243259,-0.027170312
2/8/2016,-0.007837868,-0.04454988,-0.056294463,-0.048303001,-0.050074738,-0.055419513,-0.071953287,-0.037641196,-0.043057997,-0.075672013,-0.059243074,-0.069767442,-0.038678515,0.000817813,0.030653951
3/8/2016,0.015122447,-0.029988392,-0.047402491,-0.059127558,-0.060844479,-0.001637331,-0.032677085,-0.06507405,-0.036271809,-0.13172043,-0.055523906,-0.062163979,-0.038125192,0.024198013,-0.019828156
4/8/2016,-0.009560867,-0.026926401,0.018278784,0.044715447,0.045936889,-0.011890119,0.040285355,0.047153091,-0.030967127,-0.084857867,-0.005985523,-0.001433178,-0.019499163,-0.004298031,0.018880647
5/8/2016,-0.013245033,-0.003826182,-0.004603818,-0.03039226,-0.011480443,-0.004149378,0.004840662,-0.013505413,0.009832842,0.048900508,-0.003827662,0.008970219,0.02513319,0.018248553,0.017868961
8/8/2016,-0.003185076,0.004801097,0.001782153,-0.031561822,0.008372721,-0.020833333,0.003813729,0.014262225,0.006329114,-0.010555637,0.000421723,0.050853485,0.04018725,0.003122303,0.031209363
9/8/2016,0.008444597,-0.054061433,-0.05514846,-0.027326688,-0.018481318,0.02,-0.00219956,-0.004440529,-0.041606193,0.012890799,-0.03559719,-0.046700508,-0.00617849,0.003846446,0.003783102
10/8/2016,0.020934706,-0.00447395,0.016721209,0.034196891,0.012689316,0,0.011022044,0.009699458,0.039878849,0.056173201,0.007236523,0.024494143,0.021682401,-2.52E-05,0.015075377
11/8/2016,-0.005652849,-0.022397797,-0.007098765,0.017479403,0.05510644,0.000695314,0.012685828,-0.002243803,0.033009709,-0.0033241,0.049279136,0.004158004,0.005108365,0.008520722,0.009282178
12/8/2016,0.004904693,-0.003410692,-0.005417647,-0.039063355,0.012003576,0.001667593,-0.020356234,0.008398046,-0.019266917,0.039188438,0.064289325,-0.055900621,0.006726709,-0.012923062,-0.026977315
15/08/2016,0.026368049,0.007953616,0.039173884,-0.002038505,0.019726096,-0.016008833,0.016699801,0.00121646,0.037565383,-0.005533712,0.068211124,0.038601602,0.013577179,-0.004217714,-0.015615241
16/08/2016,-0.004514673,0.015486726,-0.014018891,0.041193827,0.01663381,0.024123422,-0.018771998,0.000763703,-0.001833181,0.017864988,0.018951434,0.097826087,0.028474179,-0.015454821,0.006345178
17/08/2016,0.006910701,0.013580247,-0.00364125,-0.000653951,-0.03114774,0.018214188,-0.00617776,-0.015158348,-0.000918274,-0.005754568,-0.006278629,-0.005748962,-0.000925234,-0.002996082,0.068095839
18/08/2016,0.003538874,0.00838289,0.024581249,-0.001308758,0.009131849,0.013718897,0.012833367,0.029409693,0.012408088,0.03458255,0.014027419,0.007709605,-0.012822796,-0.015821647,-0.001180638
19/08/2016,0.003312674,0.004121074,-0.011464968,0.001092061,-0.003966778,0.027995224,0.011482875,0.024908475,0.015887426,-0.016643357,0.026255976,-0.015301243,0.005953455,0.016806723,-0.025413712
22/08/2016,-0.017680264,-0.01677045,-0.010652921,-0.031417039,-0.010329807,-0.001677852,-0.004110393,-0.028442664,-0.001340483,-0.008675864,0.004773179,-0.007445775,-0.029555237,-0.005595195,0.030321407
23/08/2016,-0.004336984,-0.00518172,0.031564779,0.002815632,0.006539235,0.003749192,0.000196541,0.014912552,0.008501119,-0.00215208,0.025766731,0.008153947,-0.009166174,0.006839769,0.004708652
24/08/2016,0.00174235,0.008102438,0.0055137,0.004492363,-0.00962019,-0.015069552,0.003537041,-0.00504452,-0.000443656,-0.011358735,0.028083435,0.009382077,0.008654133,0.01289446,0.018160516
25/08/2016,-0.01032721,-0.013850018,-0.002595228,-0.011292487,-0.009082881,-0.004838499,0.001370668,-0.010412413,-0.010652463,-0.011925538,-0.00216224,0.020192308,-0.002034024,-0.002708038,0.003452244
26/08/2016,0.009775923,0.011861447,0.021067652,0.025217686,0.009675366,-0.022864652,0.004693,0.021250258,0.012113055,0.022078304,0.004514428,0.023248508,0,-0.006420505,-0.014908257
29/08/2016,0.000761449,-0.000359583,0.005630908,0.015993823,-0.009330475,-0.032813341,-0.011483067,-0.002020202,0.002216312,0.00187212,0.029589415,0.009517961,-0.002927552,-0.021378218,-0.055878929
30/08/2016,-0.01,-0.008848921,-0.022193158,-0.017587667,-0.003054601,-0.017936596,-0.011222682,-0.026349528,-0.016364441,0.002587322,0.036875371,-0.032542579,0.00479447,0.013154117,0.030826141
31/08/2016,0.020641195,0.004863178,0.011996322,-0.019781191,-0.017362441,0.009061305,0.004778973,0.002009772,0.003147482,-0.005734767,0.003233085,0.009430997,-0.028851489,0.00754785,-0.013755981
1/9/2016,0.00376506,0.01336319,-0.009169386,-0.002029312,0.000259842,0.001403115,0.003765359,0.004080645,-0.000896459,-0.009372747,-0.020678774,0.002802865,0.009026852,0.002914707,-0.013947847
2/9/2016,0.000750188,-0.010478295,-0.008045354,-0.009037506,-0.008442655,-0.012189996,-0.0005923,0.003581884,0.049349484,0.011353712,0.002433757,0.016770186,-0.009021591,0.010120838,0.003075031
5/9/2016,-0.004497751,-0.010589252,-0.005337031,0.007409941,-0.01165837,0.01035461,-0.008099565,0.017605271,-0.003420265,0.018998273,-0.007796471,-0.005803299,-0.003466271,-0.003609015,-0.016554261
6/9/2016,0.000968158,-0.005096469,0.000295746,-0.000565803,-0.011663353,-0.028218447,-0.004381597,-0.01858222,-0.005148005,-0.003389831,-0.021608768,-0.00890937,-0.002331626,-0.004381966,0.001246883
7/9/2016,0.006555615,0.002488108,-0.027876331,0.016304348,-0.002145635,0.001589136,0.00220044,-0.0022336,-0.046140578,-0.008503401,0.006410934,-0.024178549,-0.00777748,0.04312209,0.03113325
8/9/2016,-0.009288917,-0.021607417,-0.007690302,-0.014705882,-0.008869776,-0.028126352,-0.005389222,-0.00179088,0.017631103,0.035877644,-0.011200168,0.00794155,0.026797436,-0.002707185,-0.013888889
9/9/2016,-0.002694256,-0.007908677,-0.010639695,-0.001582994,-0.034033898,0.003413476,-0.004415011,-0.004968258,-0.027987561,0.0081413,-0.035255389,-0.023636937,-0.020156438,0.000269008,-0.008573178
12/9/2016,-0.00626756,-0.002105738,-0.002345548,0.001925255,-0.057271196,-0.003697678,-0.008667607,-0.005894591,-0.006398538,0.033397208,-0.026086957,0.025177534,-0.014392079,0.010708523,-0.0142063
13/09/2016,-0.007068291,-0.043107996,-0.022579071,-0.022380468,0.007742704,-0.029097387,-0.025213501,-0.00209278,-0.061637535,0.028874172,-0.021210066,-0.03652393,-0.016704957,0.004160619,0.025062657
14/09/2016,0.018836929,0.011813814,0.024189888,0.010983929,0.035313239,0.016055046,0.026700042,0.017581265,0.029901961,0.003347065,0.024825834,0.009150327,0.021661651,-0.03403835,-0.072738386
15/09/2016,0.0082769,0.005993617,-0.013116498,0.01189387,-0.00256886,0.021670429,0.016253556,0.011438189,0.001903855,-0.003592507,0.015548712,0.021373057,0.002364433,0.004675919,0.0117724
16/09/2016,0.007142857,0.003404519,0.031206502,0.011754069,0.00357705,0.007217558,0.005997601,0.009610813,0.019002375,0.019830028,0.021042899,0.03455929,-0.007231245,0.03943655,0.034259858
19/09/2016,0.000949367,0.010428648,0.005780347,0.010576709,0.015071804,0.002184996,0.031076801,0.016501207,0.004166667,0.020355544,0.015143321,0.00274223,0.022819728,-0.023269107,0.015
20/09/2016,-0.002529244,0.016240419,-0.006957048,-0.00077118,-0.003361815,0.00247093,-0.020541371,0.003101491,0.001844168,-0.003590903,0.007352158,0.036159222,-0.0025,-0.017337235,-0.001847291
21/09/2016,-0.009825674,-0.004032559,0.014664288,0.013891952,-0.000140548,-0.006234595,0.010976088,0.007433722,0.027611597,0.022156967,-0.009590297,0.012903226,0.01989823,-0.018933472,-0.032695867
22/09/2016,0.017925736,-0.000224938,-0.000686165,-0.001631144,0.021085184,0.030347243,0.000969368,0.003003787,-0.014330497,0.00979368,0.014845141,-0.036479444,0.00364882,5.06E-05,-0.00127551
23/09/2016,0.008805031,0.012899355,0.039309931,0.027992593,0.011701542,-0.007363353,0.013751695,-0.002701823,0.019990913,0.058062848,0.009085488,-0.015324519,0.009422763,-0.004122616,-0.005747126
26/09/2016,-0.019950125,0.05456834,0.030555785,-0.015151515,0.033746088,0.014978602,-0.003439052,-0.002937624,0.001781737,-0.005011,-0.032295071,-0.012511443,0.015472253,-0.016228571,-0.043031471
27/09/2016,0.004558948,-0.017552482,0.00865454,0.001721356,-0.047387127,-0.014476458,-0.008243865,0.010803025,-0.095598044,-0.002333866,0.000718468,0.017614339,-0.025116717,0.005834366,0.011409396
28/09/2016,0.006649077,0.001143429,0.005680464,0.00708839,-0.01271245,0.009127211,0.012565243,0.013408038,0.034414946,-0.000861857,0.01644111,0,0.010060512,-0.023125096,-0.02521566
29/09/2016,0.000524219,-0.002641159,0.041197614,0.021008851,0.00209937,0.001837196,0.001145475,0.007478189,-0.00095057,-0.001848429,-0.011478015,0.006377164,0.006836225,0.017025302,0.027910143
30/09/2016,0.013203395,-0.015531062,0.00823217,-0.004177982,-0.018575419,0.01325998,-0.005339436,0.003901665,-0.010466223,-0.014074074,0.006216506,0.031985516,-0.028290867,0.006923455,0.001986755
3/10/2016,0.00248216,0.013958561,-0.004289423,0.004824837,-0.000711541,-0.013225672,-0.00517638,-0.006193124,0.00625,-0.016904583,-0.003302088,0.016374269,0.0051467,0.013110296,0.032385988
4/10/2016,0.000206335,-0.009679501,0.007973397,0.00427975,-0.000569638,0.005925508,-0.002312584,-0.000890246,0.037744864,0.013374093,0.01225464,0.054372842,-0.002877859,0.003216167,-0.003201024
5/10/2016,-0.004744714,-0.006154069,-0.003524031,-0.001143332,-0.002422343,-0.00799439,-0.007340158,0.011869908,0.03038674,-0.014831574,0.002956185,-0.015552524,-0.000374827,-0.004240818,0.007707129
6/10/2016,0.000103638,0.009761783,0.015801354,0.006139438,0.022996715,-0.007634667,0.014594279,-0.004748876,0.018766756,-0.027813218,0.067265518,0.016906874,-0.016948517,0.013258296,-0.001912046
7/10/2016,-0.007046632,-0.008513094,0.000777778,-0.009618368,0.014521084,0.020230802,-0.008438819,-0.005213929,-0.00131579,-0.00144357,0.00243293,-0.015263014,0.000877293,-0.012484363,-0.026819923
10/10/2016,-0.002087247,-0.014407335,0.006550461,-0.021616541,-0.00867052,-0.012847368,-0.009477756,-0.01658143,-0.022837066,-0.017479301,-0.026762873,-0.028784943,-0.013528963,0.001748119,-0.0164042
11/10/2016,0.004601548,-0.008194906,0.018236635,0.032233963,-0.005136749,-0.015843825,-0.004296036,-0.002907071,0.007640449,0.038255752,0.005931118,-0.013394129,-0.004210933,0.03123108,0.00464191
12/10/2016,0.001145118,0.018237308,-0.015021304,-0.008375556,0.002651409,0.010924249,0.011374779,-0.006576177,0.008920607,0.021643906,0.009514238,0.012998267,0.006634078,-0.000489261,-0.005280528
13/10/2016,-0.014869502,-0.032824037,0.031453919,0.038998957,-0.005010438,0.000284374,-0.007756448,0.005021848,0.019893899,-0.019167718,-0.027842304,0.024807528,0.002929048,-0.018282833,0.00928998
14/10/2016,-0.01440678,0.008941318,-0.003866345,0.00019994,0.012249443,0.007494344,0.0046811,0.005114758,-0.004733219,0.004132765,0.004315471,0.035339591,-0.005203949,-0.022462666,-0.030900723
17/10/2016,0,-0.008638666,-0.005697397,-0.003098451,0.036166117,-0.07354386,0.004271015,0.038197688,0.006917423,-0.000771704,-0.009405874,-0.0008,0.005500423,-0.009487376,0.005427408
18/10/2016,-0.016659501,-0.026292067,0.004727286,-0.013835974,-0.069542137,-0.108013937,-0.008312391,-0.015449046,-0.027050236,-0.019307504,-0.026162989,-0.037096344,-0.003251597,-0.035686699,-0.024291498
19/10/2016,-0.004481364,-0.006866224,0.01268936,0.029280195,0.010269576,0.004925272,0.007992203,0.022276838,0.006619594,-0.018243864,0.022376543,0.016629712,-0.004912496,0.020719855,-0.020055325
20/10/2016,0.002964427,0.034257749,-0.01904192,0.002765705,0.029648454,-0.00777421,-0.015470895,-0.011743312,0.02192021,0.005481283,0.013962264,0.023718648,-0.007250849,-0.008423145,-0.007057163
21/10/2016,0.004269294,0.03507586,0.007283818,-0.018715524,0.003427945,0.023675694,-0.002160676,-0.007828338,0.103818104,-0.004653637,0.002063809,0.008521971,0.018298368,0.003508679,-0.02416489
24/10/2016,0.006431219,0.041724113,0.000463078,0.016763702,0.00847226,0.01797005,0.004133858,0.003363511,-0.003109211,0.028453113,-0.00540212,-0.013995247,-0.023463431,0.016377928,0.085214858
25/10/2016,-0.005740279,-0.018041237,-0.001637827,-0.006121039,-0.003523035,-0.010951291,0.053910998,-0.009994047,-0.015594542,-0.015976101,-0.011236337,-0.01178361,0.002031567,-0.058377735,-0.003355705
26/10/2016,0.005991285,-0.021990494,0.010556348,0.019072216,0.015637748,0.025780863,0.00874256,-0.004968354,0.040792079,0.024551214,0.032135132,-0.009756098,-0.015907673,-0.065128416,-0.016835017
27/10/2016,0.009204115,-0.005584971,-0.004023151,0.019007701,-0.015396974,0.028999517,-0.010510787,-0.00124034,0.001902588,0.023318732,0.001995809,-0.001368363,-0.007884311,0.030440148,-0.02739726
28/10/2016,0.008905579,0.00269876,0.003578768,-0.006313373,-0.00639108,-0.006106153,0.006895267,-0.005890969,-0.003418154,0.007553821,-0.006207881,-0.001644286,0.003154826,0.024123182,0.002112676
31/10/2016,0.010741253,-0.022550375,0.02619779,0.009241432,0.022717942,0.010239446,-0.000185082,-0.001697684,-0.024390244,-0.029863801,0.001937467,-0.071644249,-0.002348726,0.00111371,0.007730148
1/11/2016,0.002314815,-0.001339585,0.003165319,-0.017932087,-0.021276596,-0.004054265,-0.006664198,0.031187833,-0.01171875,-0.005795982,-0.011835701,0.005617978,0.007022864,-0.02247191,-0.052301255
2/11/2016,-0.000419903,-0.015798495,-0.014884933,0.011752137,-0.020645338,0.014873963,-0.009317928,0.007032174,-0.03201581,-0.042363,-0.032895847,-0.03028521,-0.024289733,0.028792534,-0.010301692
3/11/2016,0.012392355,0.039448777,0.002785224,-0.002303926,0.204104426,-0.01373033,0.010722348,-0.002719071,0.046549612,0.009875541,0.026130338,-0.002122499,0.022660819,0.00727323,0.003717472
4/11/2016,-0.011307054,0.022581585,-0.000173593,0.0041374,0.041043478,-0.034412639,0.000744463,0.000495724,-0.010924698,0.020093771,-0.00642573,0,0.000913351,-0.025094034,-0.012592593
7/11/2016,0,0.02129933,-0.006042086,0.011402836,-0.009021049,0.002267941,-0.006881161,0.019416574,-0.008284024,0.00551543,0.010231317,-0.004861744,0.024122198,0.023332026,0.022354695
8/11/2016,0.001049208,0.00348748,0.011878144,-0.006916154,-0.008766015,-0.043155002,0.030711611,0.034812722,0.044152745,0.016847329,0.016597229,0.012213741,0.013481579,0.005474203,-0.00728863
9/11/2016,-0.006498271,-0.011955237,-0.002485845,-0.01392864,-0.013265306,0.016047297,-0.00872093,0.002348452,-0.020571429,-0.030053943,-0.011028554,-0.023529412,-0.001490769,0.01023547,-0.002202643
10/11/2016,0.025635616,-0.008652832,0.001488301,0.003386223,-0.010226359,-0.009476309,-0.014296188,-0.023400205,0.000388954,-0.001588983,-0.008321542,-0.014210689,-0.007273563,0.022365336,0.025018396
11/11/2016,0.006153846,0.077427544,-0.015737999,-0.027724482,0.015757154,-0.031730127,0.025560289,-0.011798441,0.040989946,0.006728232,0.023705004,0.028908921,0.037397936,-0.013441923,-0.012203877
14/11/2016,0.001834862,-0.014333399,0.021867674,0.010064134,0.005931333,-0.014315281,0.01462886,0.002418087,0.005943536,-0.014414887,-0.004321151,-0.012990937,0.015110451,0.003873794,-0.015988372
15/11/2016,0.00030525,-0.003585657,0.000376635,-0.004298134,-0.004195487,0.018022747,-0.008009968,0.011216982,-0.00295421,-0.000664805,-0.003412291,-0.00244873,0.004425426,0.000931446,0.005169867
16/11/2016,0.001424067,-0.049180328,-0.019269603,-0.0104974,-0.018219085,0.000343761,0.006459717,-0.035961355,-0.048518519,-0.001330495,-0.010704076,-0.019331083,-0.003786913,-0.002818324,0.002939015
17/11/2016,0.006297613,0.015559294,0.005793258,0.004263335,0.000231965,0.060824742,-0.000534855,-0.003835447,0.010509926,0.006794564,0.000436828,0.025657071,-0.013743192,0.001573124,-0.013186813
18/11/2016,-0.004138488,0.023533471,0.01703678,0.006812124,0.018668831,0.008908325,-0.005351409,0.009936037,0.013097072,0.000132328,-0.008766332,0.03599756,0.02093911,0.019300394,0.010393467
21/11/2016,0.003750253,-0.001753085,-0.006209273,-0.001765052,-0.007398976,0.000802697,0.00071736,0.008700732,-0.009885932,0.002910823,-0.00637029,0.005005889,-0.015427617,-0.019300582,0.035268185
22/11/2016,0.001817631,0.003309693,0.014796251,0.013850688,0.01456422,-0.00256657,0,-0.007772258,-0.001152074,-0.003562005,-0.008423135,-0.00996191,0.002101537,-0.024314248,-0.017033357
23/11/2016,-0.018042536,-0.01218527,-0.003619756,0.004553822,-0.008364417,-0.01318752,0.003763441,-0.000921546,-0.004998078,-0.000529591,-0.001753964,0.012429713,-0.01736571,-0.000163769,0
24/11/2016,0.004619175,-0.005179582,0.008759719,-0.004822531,-0.00524336,0.01059322,0.001963935,-0.003351371,-0.005409583,0.003179229,-0.008509612,0.026015785,-0.001235585,0.00343971,-0.018772563
25/11/2016,0.026259324,0.005960129,0.031503484,0.014343865,0.003208434,0.000967586,0.006236636,0.020977942,0.013209013,0.019411066,0.008304667,0.007407407,0.00656045,-0.00892347,0.00147167
28/11/2016,-0.015033851,0.004971397,-0.001044148,0.005064017,0.022272987,-0.002738843,0.015229325,0.000423025,0.004217791,0.004274611,-0.007650424,0.076074661,0.013147114,-0.004776414,-0.016899339
29/11/2016,0.012635197,0.015721353,0.00218847,0.002091454,-0.008379888,0.004361874,0.018663876,0.018605213,0.000381825,0.080355991,0.009133213,-0.003153745,0.011064956,-0.014673838,-0.015695067
30/11/2016,0.006987423,-0.004870238,-0.014079917,-0.013281472,0.001802817,-0.009329259,0.004965753,-0.000830245,-0.008778626,-0.007043935,0.046698097,-0.016873188,0.05700989,-0.019175321,-0.043280182
1/12/2016,-0.014670896,0.002949853,0.004330579,0.005384098,0.005848611,0.000162364,-0.001022321,0.006825533,0.038891028,0.059757124,0.005819306,0.016358273,-0.007120253,0.002739882,-0.004761905
2/12/2016,0.002816901,-0.026871658,-0.020078338,0.002295113,-0.011629207,0.017045455,-0.003411223,0.002210629,-0.00222387,-0.0203086,-0.015330304,0.001319261,-0.002632947,-0.021745318,-0.021531101
5/12/2016,0.00581862,0.004877044,-0.010043331,-0.005820055,-0.006901233,0.000319234,-0.025671744,-0.01702841,0.013001486,-0.031383903,-0.015403001,0.035573123,-0.01062906,0.019057317,-0.009779951
6/12/2016,0.020047876,-0.002119079,0.031487514,0.00681382,0.021531101,0.001914792,0.02687511,0.015617988,0.00660066,-0.028096605,0.019656103,0.003562341,0.009725099,-0.033633119,-0.050205761
7/12/2016,0.003520094,-0.014454035,0.006414474,-0.00934134,-0.003234081,-0.011148272,-0.003934314,-0.015967005,0.004007286,0.011563538,-0.004331581,0.030933063,-0.01825452,0.024640293,0.027729636
8/12/2016,-0.016369483,0.000973101,0.000196111,-0.004329837,0.006153502,0.009019166,-0.010819165,0.005029488,0.015602322,0.004621185,-0.00873406,-0.02385637,-0.002691695,0.025287622,-0.007588533
9/12/2016,0.006141654,0.021109645,0.002385543,0.023386162,0.007339042,0.015961692,0.011458333,0.010008638,0.003572705,0.016947101,0.002311635,0.001763668,0.028481125,-0.010518027,0.008496177
12/12/2016,0.006891799,-0.011628698,0.00759601,0.003871577,-0.008610222,0.057659073,0.023858565,-0.010322352,-0.017799929,0.004166171,-0.003977539,-0.00528169,0.008459653,0.009948561,0.008368201
13/12/2016,0.008995795,-0.000275217,0.004400298,0.001599097,0.003006347,0.000297089,-0.005867561,-0.009476413,0.008336354,-0.013039355,-0.010302359,-0.009608091,0.025234541,0.023982762,0.009128631
14/12/2016,-0.003287247,-0.011958453,-0.002603497,0.003550738,-0.016052253,0.003224321,-0.006570081,0.005512448,-0.00535523,0.003220036,-0.009157324,0.003296146,0.0311807,-0.01656145,0.017269737
15/12/2016,-0.012513338,0.064458123,-0.003093681,-0.010707635,0.001687669,0.009641873,0.009326776,0.016297709,0.027638191,0.004992867,0.016683089,0.015163002,-0.020169436,-0.013311102,-0.005658852
16/12/2016,0.004027505,-0.000584757,0.017876192,0.0256,0.012580029,0.025314537,0.007224462,0.000586338,-0.004191408,0.041400521,0.013434931,-0.000746826,-0.012004922,0.011491016,0.023577236
19/12/2016,0.006946483,-0.004875829,-0.004287348,0.016701845,-0.002440377,0.003548196,-0.000834028,-0.002842074,-0.004559804,-0.007155838,0.033175043,-0.007473842,0.000336587,0.001280838,0.003971406
20/12/2016,-0.005246794,-0.001829229,-0.006953083,-0.010921563,0.014566885,0.024749558,0.003005008,-2.94E-05,-0.020084567,-0.019677383,-0.017938079,-0.013052209,-0.01551144,-0.010066741,0.006329114
21/12/2016,-0.016800156,0.002159827,0.029869921,0.010494616,-0.009535292,0.02947096,-0.001331558,-0.004877762,-0.000719166,0.006068386,0.021190848,0.004577823,0.009706415,0.01533794,0.005503145
22/12/2016,0.012120008,0.013061651,0.008763449,-0.019235979,0.016598429,-0.006284039,0.007333333,-0.002037442,0.002518892,-0.007075745,0.007861235,0.002278481,0.011440951,0.002019699,0.025019547
23/12/2016,-0.017864154,-0.008316142,0.009583874,-0.018232044,-0.005224774,0.032883643,0.005790867,0.00319555,-0.003589375,-0.00911215,-0.015631414,0.001262945,-0.019376862,-0.006709556,0
26/12/2016,-0.011393164,-0.007085744,-0.005481382,-0.016788595,-0.005580479,-0.028571429,-0.00674453,-0.005515411,0.003602306,-0.01332233,-0.010073143,-0.016902119,-0.003037335,0.001779063,-0.001525553
27/12/2016,-0.004144763,-0.011457379,-0.003725714,-0.000667748,-0.002420775,-0.031372549,0.002484266,-0.002965775,-0.004666188,0.008842156,-0.002624927,-0.006671799,0.005750864,-0.001304179,0.013750955
28/12/2016,0.001624201,-0.008344924,-0.005532204,-0.007827415,-0.024818001,-0.021978022,-0.01057327,-0.015319174,-0.009015507,-0.015160488,-0.008610326,-0.025058125,-0.010721214,-0.002972966,-0.003767898
29/12/2016,-0.005817541,0.001738597,-0.0092774,-0.00231541,0.00815047,0.008615063,-0.006734694,0.009205112,0.002074689,-0.024724498,0.011394208,0.01630184,0.020593173,-0.004960428,-0.003025719
30/12/2016,0.009397996,-0.006176621,0.013726517,0.019468798,-0.014458955,-0.005435486,0.004725704,0.018564224,-0.012008282,0.002028104,0.003025087,0.037931904,0.027707717,-0.003976923,0.008345979
2/1/2017,-0.01370224,-0.020699574,-0.043490734,-0.026432275,0.006783404,-0.023682498,0.00408998,-0.04435314,-0.007124895,0.014167992,-0.012037856,-0.039510133,-0.00394807,0.003289844,-0.047404063
3/1/2017,-0.001870158,-0.006189028,0.006178394,0.010002598,-0.010028204,-0.006797281,0.030142566,0.005107853,0.003799071,-0.012401996,-0.010316061,0.027980166,-0.009105842,0.003727474,0.005529226
4/1/2017,-0.01079586,0.009235803,-0.000894241,-0.010418006,0.012662235,0.001476114,-0.021747726,-0.008774496,0.001682086,0.000433025,-0.003483394,-0.033863267,0.002846949,-0.018791534,0.015710919
5/1/2017,-0.005141156,0.005229305,0.016707441,0.012997141,0.005783057,-0.00643173,0.020008084,0.017261729,0.01427372,-0.0041841,-0.000827196,0.006571909,0.035467874,-0.027944566,0.027842227
6/1/2017,0.030734361,0.01227696,0.014202711,0.014498332,-0.008547009,0.032636548,0.0063404,-0.012835388,0.004966887,0.002173283,0.034076646,0.026065391,0.000659379,0.009417236,0.021804511
9/1/2017,0.004222007,0.062336194,-0.001099473,0.027064626,-0.000783699,0.009925558,0.016932467,-0.007456108,0.048187809,0.04192569,0.009142326,-0.008286884,0.01300548,-0.00696824,0.002943341
10/1/2017,0.027765613,0.001838235,0.011933727,-0.006280015,0.006117647,-0.002457003,-0.022652469,0.02235133,0.0043222,-0.019425559,-0.002354447,0.006018403,0.009141018,-0.008814916,-0.016874542
11/1/2017,0.006732572,0.001448576,0.02278452,0.011152416,0.030090427,0.02955665,0.022385103,0.001737431,0.000782473,0,0.001846959,0.052951646,0.00206948,-0.003686043,0.029104478
12/1/2017,0.02234826,0.015043394,-0.009571253,-0.016666667,-0.008778568,-0.024427096,-0.013757024,-0.01936766,0.004300235,0.023913966,0.016438356,0.006151101,-0.031384365,0.004110756,0.037708484
13/01/2017,-0.073859402,-0.029070872,-0.001582368,-0.003738784,0.005649718,-0.037170883,0.018664047,0.010317256,-0.000778513,0.021282477,-0.01718014,-0.030334142,0.022474659,0.013392988,0.040531097
16/01/2017,0.000625838,0.002446184,-0.005716873,0.004628471,0.017916793,-0.000402145,-0.001350048,-0.003063569,-0.002337359,-0.023410014,0.004562348,9.63E-05,-0.002974054,0.015293608,0.001343183
17/01/2017,-0.010275197,-0.016788677,0.002220198,0.00049807,-0.013573986,-0.013946627,-0.013325608,-0.000841412,0.028114018,-0.010807815,-0.00637869,-0.002550529,-0.021497634,-0.003353702,0.004694836
18/01/2017,0.00379164,0.031768093,0.035387674,0.028749222,-0.005292606,-0.009247926,-0.011939714,-0.00399092,0.006836308,0.000140076,0.030737231,0.014232643,0.005045727,0.009096872,0.002670227
19/01/2017,0.009713104,-0.009188877,0.005924951,-0.010766997,-0.003496504,0.033768017,-0.007329636,0.008271147,0.002263297,0.024509804,0.018609866,0.00180763,0.009273786,0.021646979,-0.011318242
20/01/2017,-0.014696713,-0.030929837,0.031359075,-0.009416657,-0.001983219,-0.015004648,0.002394732,-0.028511011,0.002258186,-0.005604921,-0.065179642,-0.002611586,-0.019655256,-0.005283249,-0.002020202
23/01/2017,-0.000448793,-0.00323931,0.002071273,0.021091355,0.003193916,0.008164904,0.029545905,-0.008026881,0.010800745,-0.010801828,0.00315367,0.002696055,0.00622726,0.004699536,-0.014170041
24/01/2017,-0.011943247,0.01479926,-0.000741997,0.004083103,-0.009399636,0.002788104,0.030431433,0.035980429,-0.02247605,-0.004899902,-0.005274234,0.01528374,0.000382449,-0.009964019,0.000684463
25/01/2017,-0.008634009,-0.015913682,-0.012888512,0.006817366,-0.01392715,0.018668079,-0.042056075,-0.007193199,-0.019977384,-0.025042206,-0.011074544,-0.007155136,0.00187676,-0.018171652,-0.034883721
26/01/2017,-0.005867253,-0.024882347,-0.011606039,-0.034449988,0.006518703,-0.021835196,-0.01697561,-0.022540984,-0.026923077,-0.027849928,-0.019174898,-0.106088259,-0.020987269,0.008741458,0.005669738
27/01/2017,0.006731833,0.002823844,-0.002120141,-0.00738189,-0.004009252,-0.012490035,-0.014688368,-0.002021563,-0.007905138,-0.013210628,-0.005816458,0.034656057,-0.005066969,-0.011968273,-0.00422833
30/01/2017,-0.01786205,-0.035275445,-0.002397036,0.003470501,-0.011766527,0.002018299,-0.006446414,-0.003488634,0.010358566,0.001504212,0.000379198,-0.000303582,-0.005662595,-0.001742708,0.011323425
31/01/2017,0.010912143,0.014488139,0.037461774,0.04298419,0.009399969,0.017859541,0.00892133,0.016337286,0.033911672,0.011114449,0.013456436,-0.01847353,0.000931232,-0.007927423,0.005598321
1/2/2017,-0.000738076,0.007689893,0.003684598,-0.00568451,0.041285116,0.003034301,0.01085209,0.025815771,0.010297483,0.00415924,0.005076007,0.000670345,0.000608316,-0.009260061,-0.010438413
2/2/2017,-0.004339396,-0.015054768,0.004772394,0.070747975,-0.001937696,-0.021175852,0.018290258,0.011734547,-0.015100038,0.003550296,-0.005794636,-0.009172421,-0.004541716,-0.006318425,0.038677918
3/2/2017,0.010942137,0.003109682,-0.000991701,0.001446051,0.001792115,0.004703037,-0.004099961,0.027764891,0.021847451,0.010023585,0.024570222,0.01076555,0.009951142,0.013663113,-0.022433719
6/2/2017,-0.006604293,-0.015920555,-0.006478579,0.001999334,-0.022063208,0.003878561,-0.00235248,-0.030452446,-0.012378095,0.001897256,-0.00279213,-0.004167739,-0.005940312,-0.006811324,0.027121001
7/2/2017,0.003139428,0.002990016,0.030763568,-0.004323246,-0.015243902,0.026512124,-0.00786009,-0.000393955,0.009874668,0.006991988,-0.001988748,-0.041180118,0.004723395,-0.001823022,-0.000677048
8/2/2017,-0.002025037,0.01235028,-0.006836386,-0.004676019,-0.004643963,0.003893576,-0.009704892,-0.012360718,-0.007897706,0.00115724,0.01303128,-0.008568195,-0.011147518,-0.007914191,-0.046070461
9/2/2017,-0.002305848,0.006099805,0.001078749,-0.02147651,-0.000933126,-0.008532644,0.0068,0.004498295,0.00227445,0.001589366,-0.002381199,0.011088162,0.000144066,0.006837707,-0.013494318
10/2/2017,0.004714801,-0.030575446,-0.008158867,0.003657979,0.011830635,0.003390273,-0.011124354,-0.01498736,-0.006429652,-0.014281593,-0.026177875,-0.0133319,-0.007418344,0.000754586,0.011519079
13/02/2017,0.003312477,0.000970455,0.011226654,-0.007517084,-0.01,-0.016374269,-0.019686621,0.004839597,-0.011800533,0.001463486,-0.013374184,-0.004358723,-0.036788448,-0.004495099,-0.008540925
14/02/2017,-0.007245048,-0.022298826,0.000153484,0.000918063,0.01010101,0.013476021,0.011885246,-0.004196008,-0.011941448,0.005406985,-0.006345692,-0.01477509,0.002636634,0.00495237,-0.012921752
15/02/2017,-0.004618938,-0.036635082,0.000153461,0.00836964,-0.020153846,0.001303611,-0.003240178,0.022753921,-0.000389864,0.035174419,-0.030137508,-0.001277494,0.019347083,-0.00455112,-0.002909091
16/02/2017,0.01549884,0.008520615,0.019997954,0.008072769,0.006437431,0.030985549,0.017878911,0.045820944,-0.008190328,0.01137321,0.016952002,0.014793393,0.025429351,-0.00262085,-0.005105762
17/02/2017,-0.003929812,0.021036516,0.02396831,0.00259418,-0.001092044,-0.014648314,0.012974052,0.017059468,0.007078254,0.02665556,0.000192869,0.002301748,-0.006325474,0.028846715,0.021994135
20/02/2017,0.001000546,0.02938744,0.00812888,0.018433695,0.02276599,-0.006502614,0.009968726,0.028378786,0.008123791,0.001493348,0.01663712,0.019691642,-0.000898053,-0.006895965,0.015781923
21/02/2017,0.00863244,0.006106053,0.004544788,-0.018209741,0.018170806,-0.001796715,-0.011225082,0.001206902,0.054489639,-0.016131219,-0.000778001,0.001114118,-0.008952648,0.007801114,0.019774011
22/02/2017,-0.009099099,-0.016663118,0.006664721,-0.000782123,0.006692445,-0.028670609,-0.016637307,-0.027204014,0.006550218,0.00413337,-0.024432154,0.00572337,-0.018756349,0.016955881,-0.017313019
23/02/2017,0.012637513,0.011639868,-0.010583289,0.012076484,-0.007829812,0.023692919,0.006170382,0.001708028,-0.010122921,-0.012623491,-0.010457948,-0.004847718,0.013088328,0.016115541,0.014799154
24/02/2017,-0.021817202,0.007171144,0.027840188,0.013368689,-0.02665277,-0.006335661,-0.006923838,0.037144768,0.006939372,-0.020844914,0.019607298,-0.014878746,-0.017043174,0.008670837,-0.009722222
27/02/2017,-0.000275356,-0.012964931,0.000475195,-0.00087222,-0.016062414,0.004163956,0.017330677,0.015989169,0.019223794,-0.000993472,-0.01748452,-0.01709218,0.028254251,-0.005114255,-0.028751753
28/02/2017,-0.010650018,-0.000215332,0.012871663,-0.002182453,0.01181592,-0.019178437,0.008224006,-0.029031951,-0.00747331,0.003977838,-0.00896724,-0.029201072,-0.005849431,0.006781144,0.007942238
1/3/2017,0.007331106,0.008938187,-0.002719812,0.015857393,-0.011985249,-0.005813185,-0.000971062,0.015031697,0.005736823,0.005235602,0.016191837,0.044330536,0.002142883,-0.004291146,0.030802292
2/3/2017,0.005988024,0.028711709,-0.008463817,-0.01302616,-0.001399689,0.001993356,0.003499222,-0.010849269,0.003208556,0.009290541,0.00432805,0.005501618,0.018266164,-0.01843871,0.00694927
3/3/2017,0.000824176,-0.018987342,-0.009199981,0.009925829,-0.002180346,-0.000265252,-0.023246804,-0.007095199,0.016346837,0.008786611,-0.004830918,0.003433108,-0.020323178,-0.00589118,0.002070393
6/3/2017,0.001463995,-0.003913273,0.016464845,-0.006588185,-0.003121586,-0.00331653,0.007338358,-0.007113122,0.001048951,0.009124845,-0.005626655,-0.014861542,-0.013805631,-0.004612288,0.013085399
7/3/2017,-0.007674737,-0.024155872,0.003531572,0.010328332,0.005949585,0.009184081,-0.003544005,-0.014229119,-0.02200489,-0.002466091,0.00061023,-0.003635772,-0.010941242,-0.014631133,-0.009517335
8/3/2017,0.002762177,0.0054404,0.000563063,-0.014527063,-0.002023346,0.003561066,0.000790358,0.000569343,0.006071429,0.013734377,0.000138604,-0.016774686,0.002309297,0.001612812,0.00613079
9/3/2017,0.006610963,0.00432877,0.007878447,0.005132125,0.000311915,-0.035352872,-0.0011846,-0.004987281,0.007809727,0.00270966,0.003464619,0.011577023,0.001895206,-0.007401339,0
10/3/2017,0.004652011,-0.021281181,-0.009864136,-0.01347094,-0.006704085,-0.046730245,0.010476379,0.006795169,-0.017964072,0.004729091,-0.01033035,-0.004325923,-0.002151256,-0.013233913,0.016249154
13/03/2017,0.003268567,-0.025762413,0.004605263,-0.005616122,-0.013655627,-0.029869944,0.001956182,0.024858833,-0.0017934,0.01640667,-0.008289143,0.006214596,0.004386128,0.011075219,-0.01332445
14/03/2017,0.010497738,0.016838061,0.008092432,0.001550388,0.008274984,0.008839128,-0.005076142,0.012225736,0.002515271,-0.006218576,0.013902569,0.027601662,-0.002997669,-0.013549749,-0.019581364
15/03/2017,0.006716819,0.002500556,-0.004964967,-0.007629368,-0.000157828,0.017669393,0.007064364,0.01391394,-0.003225807,-0.003062176,-0.005717934,0.023349822,-0.00935412,0.008039097,0.020661157
16/03/2017,0.002935682,-0.015243058,0.005269539,0.001559889,0.005524862,-0.024967714,0.013445051,0.000412961,-0.017259978,-0.003071581,-0.003740822,-0.011798337,-0.00041217,0.003930119,0.019568151
17/03/2017,0.00266099,-0.00416526,0.032657605,0.000111247,-0.010204082,-0.048712288,-0.000384541,-0.012891754,0.02341749,0.002009377,-0.000812621,-0.005785515,0.010795817,0.009543948,-0.019192588
20/03/2017,-0.017869781,0.007517522,-0.026773281,-0.002335929,-0.00666138,0.00417698,-0.011733026,-0.02412584,-0.030389703,-0.004679144,-0.037242695,-0.020314236,-0.015724087,0.006906312,0
21/03/2017,-0.011349306,0.011781206,-0.004384953,-0.016612777,0.023790516,0.012016638,0.001751654,0.005999275,0.015117994,-0.000402955,-0.010836004,0.014579621,0.003466335,-0.009782425,-0.004723347
22/03/2017,-0.009019679,0.012143055,-0.006305053,-0.006689342,0.002963194,0.030598265,0.000194288,0.005078803,-0.004358881,0.004703037,-0.001825785,-0.00202246,0.011001389,-0.01073071,-0.010847458
23/03/2017,0.018019675,0.003725211,0.002146123,0.016664764,0.004664904,0.016395864,0.006604507,0.015257221,0.006931777,-0.003209844,0.002389663,-0.000213322,0.004196687,-0.00798031,-0.037376587
24/03/2017,0.00776664,0.019430193,0.030819367,0.025036488,0.015941805,0.002906554,0.017367812,0.032207309,0.001086957,0.034482759,-0.001088972,0.031578386,0.015459152,-0.005676265,-0.005860806
27/03/2017,-0.000803571,0.002763899,0.017034928,-0.007659481,0.000454064,0.010112684,0.015477539,0.007983661,0.019016864,0.02631579,0.030578878,0.011947493,0.011713243,-0.009413633,-0.00073692
28/03/2017,0.004735949,0.016855719,-0.005775724,0.016098798,0.014069592,0.011870709,-0.011895911,0.008166022,0.013380282,0.015359228,0.004687991,0.021383329,0.001786671,-0.027822304,-0.056784661
29/03/2017,0.005336179,0.002971226,0.006345518,-0.000108519,0.005519917,0.01074205,0.024642588,0.01409866,0.005559416,0.004250531,-0.017668649,-0.017661358,0.000749064,-0.013111922,0.007036748
30/03/2017,-0.009200283,-0.017410738,-0.00830373,-0.026915563,0.02462908,-0.020836247,-0.006058381,-0.013602378,-0.00138217,-0.024648326,-0.009529051,-0.012676128,0.00285144,0.009706034,-0.008540373
31/03/2017,0.003214286,0.01264149,0.005776206,0.00724961,0.046915726,-0.010854042,-0.020502401,0.004322679,-0.008650519,-0.043139758,0.011609206,0.000511509,0.015496162,-0.004412402,-0.040720439
3/4/2017,0.01495194,0.022146775,0.017451696,0.006865242,0.029598894,0.019924921,0.018668678,0.006183317,0.035951134,0.009070295,-0.002717234,0.015184049,0.015399692,-0.02489019,-0.017959184
4/4/2017,0.003156787,-0.013644029,0.007657303,0.000219949,0.000537346,-0.003397509,0.01480933,-0.020695265,0.001347709,0.001321877,-0.014115942,-0.002165483,-0.008375845,-0.006371236,-0.044056525
5/4/2017,0.00506993,-0.010568853,-0.004255504,0.000879604,-0.030746509,0.002272727,0.016052536,-0.009812667,-0.01615074,-0.017953795,-0.016082086,-0.002674876,-0.010705968,-0.041453951,-0.080869565
6/4/2017,-0.005218299,-0.00382239,0.020714317,0.020542678,0.011358914,0.000708617,0.000897666,-0.013482448,0.022229822,0.029305014,-0.002300843,-0.035878751,0.014194863,-0.010694504,-0.006622517
7/4/2017,-0.029812904,-0.011721419,0.005810476,0.011410118,0.004930831,0.00141623,0.000179372,0.010580678,-0.016393443,0.000391798,-0.022552338,-0.03926097,-0.020405335,0.008484431,0.014285714
10/4/2017,-0.00567721,-0.015955749,-0.002293773,-0.020008514,-0.015673981,0.011596662,0.003407461,-0.010594541,-0.011904762,-0.001436031,0.015657556,-0.050808566,-0.010220682,-0.009566109,-0.051643193
11/4/2017,-0.005347109,-0.001567398,-0.014816076,0.008362294,-0.007477153,0.002236824,-0.003753351,-0.000220459,-0.007228916,0.015557589,0.006516427,0.00823069,-0.00325151,-0.00051742,0.015841584
12/4/2017,-0.017767654,0.127699886,0.008297321,-0.004846527,0.041852679,-0.006556005,-0.001614639,0.021011183,0.026352289,-0.001673532,0.002427839,0.035736713,0.029143963,0.032096635,0.048732944
13/04/2017,0.005380334,-0.050019201,-0.009986285,-0.016017316,-0.000937333,-0.00758214,-0.00359389,-0.002715044,-0.027027027,-0.001676338,-0.003946896,-0.027007661,0.017102651,0.017597392,-0.01394052
14/04/2017,-0.005720613,-0.016574027,0.004415776,0.02474703,0.000268061,0.025749859,0.00270514,0.021191684,0.001041667,0.025316456,0.001380884,0.008553787,0.000547945,0.001314438,0.036757776
17/04/2017,0.009558278,0.006422773,0.021205983,0.021251476,0.000133994,0.009241379,0.021223022,-0.00266594,-0.005896635,0.083396322,-0.032106241,-0.005167378,0.001848302,0.017352422,-0.027272727
18/04/2017,0.006250575,-0.016745801,0.012282109,-0.001261167,0.004019293,-0.005193385,0.011271575,-0.035266243,-0.022679693,-0.020465116,0.02933069,-0.019534779,-0.001366587,0.023008779,-0.000926784
19/04/2017,0.004019366,0.027467677,0.002459973,0.024623803,-0.045636509,0.045198516,-0.029258098,0.018828715,-0.002499108,0.029677113,0.00448336,-0.003858114,-0.045227506,0.0231574,-0.031539889
20/04/2017,0.0077336,0.001162321,0.017759847,-0.004108042,0.011744966,0.051524711,0.016505203,0.010754682,0.015032212,-0.024902006,-0.017673666,0.016937395,0.02981224,-0.003063726,-0.015325671
21/04/2017,-0.010805943,0.01747884,-0.00187388,0.024270353,0.009877898,-0.008782936,0.005448155,-0.026681676,0.003153469,0.018089383,0.006025008,0.030702752,0.002700738,-0.007298709,-0.026264591
24/04/2017,0.021028676,-0.012354794,0.002244715,0.013097381,-0.038310012,-0.001392405,0.004195071,-0.002094274,-0.002794272,-0.017071188,-0.002467798,-0.026478376,0.012983874,-0.002012228,-0.001998002
25/04/2017,-0.013552069,-0.013954647,0.005456693,-0.007598934,-0.014832604,-0.017746229,0.044212359,0.007079092,-0.007705779,0.011460303,-0.009744766,-0.001926564,0.012647009,0.01799147,0.046046046
26/04/2017,-0.003253796,0.017437453,0.001944028,-0.01372315,-0.003011184,0.018453994,-0.005834306,-0.020465926,-0.008824568,-0.060273333,-0.004326235,-0.001476099,-0.008887094,-0.012150529,0.012440191
27/04/2017,-0.001360174,0.010531545,-0.001253082,-0.01159508,0.067740544,-0.00633553,-0.008551308,0.010097482,0.004273504,0.024238658,0.003274074,-0.004150557,-0.003498404,0.004434162,-0.033081285
28/04/2017,-0.002724053,0.00393275,0.018212725,0.017137611,0.018588362,-0.008798776,0.004735329,0.0049354,-0.002836879,0.02973301,0.007746737,0.014901513,0.041651045,-0.001458733,-0.098729228
1/5/2017,0.00446144,-0.101997846,0.005882821,0.008123558,-0.008331129,-0.021098675,0.014307356,-0.013263263,0.025604552,0.004949912,0.058349979,-0.009113411,-0.001210693,-0.007957866,-0.069414317
2/5/2017,0.002719362,-0.003653416,-0.000355647,0.021886192,0.014535271,0.016953608,-0.020245602,-0.024759067,-0.01629681,0.000703647,-0.021818702,-0.002043829,-0.01569257,0.00337144,-0.034965035
3/5/2017,-0.016181522,-0.039240368,0.001264972,0.004186137,-0.02011041,-0.01809253,-0.018631436,-0.019016351,-0.015156856,-0.015820931,-0.020960622,-0.022698828,-0.01630887,-0.011432103,0.066425121
4/5/2017,0.001837729,-0.007006551,-0.006830116,-0.022976248,0.001341382,-0.02829692,0.023472558,0.005301876,-0.035075161,0.026792093,-0.005524037,0.013388439,0.004770766,-0.044655415,-0.040770102
5/5/2017,-0.000183436,-0.066659018,0.028263635,0.006449692,-0.008305425,-0.004198835,0.003541315,0.024655548,-0.003709199,-0.010553172,-0.004804084,0.013900856,-0.000303071,0.013699751,0.017709563
